{"acc": 0.98386666663487754, "loss": 0.054122622997562091, "label": "cnn", "val_acc": 0.98960000000000004, "type": "hdf5", "val_loss": 0.031385072520095855}