{"acc": 0.98613333336512243, "loss": 0.048197142563263573, "label": "cnn", "val_acc": 0.99050000000000005, "type": "hdf5", "val_loss": 0.032509010327723811}