{"acc": 0.98788333333333334, "loss": 0.039432144417365395, "label": "cnn", "val_acc": 0.9909, "type": "hdf5", "val_loss": 0.027439339212886989}